TA_ID,Name,Domain,Purpose,Input,Output,Trigger,CLI_File
TA-014,Output Assertion Validator,VAL,Validates assistant output against structural and semantic rules before it logs or mutates memory.,"assistant_output, expected_schema, banned_patterns","pass/fail flag, error report if failed","Post-response, pre-logging or pre-memory-update",ta014_output_assertion.sh
TA-015,Preflight Commit Checker,OPS,"Runs instruction diff, schema check, and changelog verification before assistant logic is committed.","target_instruction.md, baseline_instruction.md","diff_report.md, changelog_verification_status",Pre-commit or pre-deploy,ta015_preflight_checker.sh
TA-016,Auto-Changelog Generator,OPS,Auto-generates changelog entries based on diff between instruction versions.,"old_version.md, new_version.md",changelog_entry.md,Version change detected,ta016_changelog_generator.sh
TA-017,Instruction Drift Sentinel,VAL,Watches output for behavioral changes and flags if drift is detected against previous output baseline.,"current_output.txt, historical_outputs/","drift_score, diff_summary",After assistant run,ta017_drift_sentinel.sh
TA-018,Tool Invocation Logger,LOG,"Logs every external tool call (function, plugin, API) for auditing and traceability.","tool_name, input_args, response_payload",tool_log.json,Every time a tool is used,ta018_tool_logger.sh
TA-019,Memory Access Auditor,LOG,"Tracks what memory keys are accessed, when, and by which assistant for traceability and debugging.","assistant_id, memory_keys_accessed",memory_access_log.json,During memory read phase,ta019_memory_auditor.sh
TA-020,Permission-Safe Memory Injector,SEC,Prevents unauthorized memory keys from being injected by verifying assistant roles against access rules.,"assistant_id, memory_key, access_rules.json",allowed/blocked status + reason,Before memory injection,ta020_memory_permission_checker.sh
TA-021,Response Schema Validator,VAL,Checks whether assistant outputs match a predefined JSON schema before use.,"assistant_output.json, schema_definition.json","validation_pass/fail, list_of_errors",Post-assistant response,ta021_schema_validator.sh
TA-022,Token Budget Enforcer,VAL,Enforces max token usage on output and prevents overlength responses.,"assistant_output.txt, token_limit","status, token_count","After response, before logging",ta022_token_enforcer.sh
TA-023,Redaction Filter,VAL,"Removes or redacts sensitive fields (PII, email, salary) before logging or memory write.","assistant_output.txt, redaction_rules.json",redacted_output.txt,Before log/memory update,ta023_redactor.sh
TA-024,Instruction Execution Replay,LOG,Replays a full instruction + input + memory state for audit/debug.,run_id or timestamp,"reconstructed_output, logs",Manually or on test mode,ta024_replay_runner.sh
TA-025,Run Consistency Comparator,VAL,Compares outputs from multiple runs with same input to detect inconsistency or drift.,"input.txt, list_of_outputs/","drift_score, inconsistencies_found",After test batch runs,ta025_output_consistency.sh
TA-026,Assistant Run Profiler,LOG,"Logs execution time, tool use, and memory call patterns for each run.",run_id,run_profile.json,After assistant run,ta026_run_profiler.sh
TA-027,Token Heatmap Generator,LOG,"Breaks down token distribution across prompt, memory, tools, and output.",full_prompt.txt,heatmap.json,Post-prompt assembly,ta027_token_heatmap.sh
TA-028,Version Drift Visualizer,LOG,Visualizes how instruction sets have changed across versions.,instruction_versions/,"diff_visual.json, summary.md",Manual or pre-deploy,ta028_version_diff_viz.sh
TA-029,Log Summarizer,LOG,"Summarizes assistant logs by week, frequency, drift issues, tool use, and top inputs.",logs_folder/,summary_report.md,Scheduled or on demand,ta029_log_summarizer.sh
TA-030,Anomaly Detector,VAL,"Detects unexpected patterns, hallucinations, or dangerous output in assistant responses.","assistant_output.txt, known_good_patterns/","anomaly_score, flagged_lines",Post-run or batch-check,ta030_anomaly_detector.sh
TA-031,Instruction Usage Tracker,LOG,Tracks which instruction versions are used most frequently across assistant runs.,execution_logs/,usage_summary.json,Scheduled or post-run aggregation,ta031_usage_tracker.sh
TA-032,Prompt Diff Tracker,LOG,Logs and compares differences between compiled prompts over time.,compiled_prompts/,prompt_diff.json,After prompt generation,ta032_prompt_diff_tracker.sh
TA-033,Assistant Failure Log,LOG,"Captures failure conditions, tool errors, or retries across assistant chains.","stderr, exit_codes",failure_log.json,Triggered on fail,ta033_failure_logger.sh
TA-034,Memory Key Frequency Analyzer,LOG,Counts how often specific memory keys are referenced during assistant runs.,memory_access_logs/,key_usage_report.json,Post-run batch,ta034_memory_key_frequency.sh
TA-035,Instruction Usage Heatmap,LOG,"Visualizes usage density of different instructions across time, roles, or projects.",execution_logs/,"heatmap.json, heatmap.svg",Daily aggregation or on demand,ta035_instruction_heatmap.sh
TA-036,Output Tone Profiler,LOG,"Analyzes assistant tone, formality, and emotional weight per response.",assistant_outputs/,tone_profile.json,Post-run NLP pass,ta036_tone_profiler.sh
TA-037,Top Prompt Tracker,LOG,Ranks the most frequently used prompt templates and input formats.,prompt_logs/,top_prompts.json,Scheduled or on demand,ta037_prompt_tracker.sh
TA-038,Response Length Monitor,LOG,Tracks token count of assistant responses to detect bloat or truncation.,assistant_outputs/,length_stats.json,Post-response,ta038_length_monitor.sh
TA-039,Instruction Reference Mapper,LOG,Traces which instruction lines are most commonly triggered or referenced.,"assistant_output.txt, instruction_set.md",reference_map.json,Post-run analysis,ta039_reference_mapper.sh
TA-040,Log Data Compressor,LOG,Compresses and archives logs older than a threshold to maintain performance and storage efficiency.,logs_folder/,compressed_logs.tar.gz,Scheduled or via CLI,ta040_log_compressor.sh
TA-041,Embedding Generator,RAG,"Generates text embeddings from memory, logs, or documents for vector DB indexing.",text_file.txt,embedding.json,On new content ingestion,ta041_generate_embeddings.sh
TA-042,Vector DB Uploader,RAG,Uploads generated embeddings into a vector database like Pinecone or Chroma.,"embedding.json, metadata.json",vector_db_response.json,Post-embedding,ta042_upload_vector_db.sh
TA-043,Context Retriever,RAG,Retrieves semantically relevant memory from vector DB based on current input.,query.txt,retrieved_context.txt,Before prompt assembly,ta043_retrieve_context.sh
TA-044,Semantic Lookup Validator,RAG,Validates that retrieved context is relevant and not noisy or irrelevant.,"query.txt, retrieved_context.txt","validation_score, verdict",Post-retrieval,ta044_validate_lookup.sh
TA-045,RAG Injection Filter,RAG,Filters and formats retrieved context before prompt insertion to ensure compatibility and clarity.,retrieved_context.txt,injection_ready_context.txt,Pre-injection,ta045_filter_injection_context.sh
TA-046,Chunker + Embedder,RAG,Splits large files into chunks and embeds them for vector storage.,large_doc.txt,chunked_embeddings.json,On document ingestion,ta046_chunk_and_embed.sh
TA-047,Vector Query Router,RAG,"Decides which vector DB to query based on assistant role, project, or query type.","assistant_id, query.txt","target_db, query_result",Before retrieval,ta047_route_vector_query.sh
TA-048,Embedding Drift Analyzer,RAG,Detects when embeddings diverge due to instruction changes or model updates.,"embedding_v1.json, embedding_v2.json",drift_score,Scheduled or post-retraining,ta048_analyze_embedding_drift.sh
TA-049,Vector Snapshot Archiver,RAG,"Creates snapshots of vector indexes to support rollback, export, or audit.",vector_index_id,vector_snapshot.tar.gz,Scheduled or on demand,ta049_archive_vector_snapshot.sh
TA-050,Context Injection Comparator,RAG,Compares final assistant behavior with vs. without context injection to measure RAG effectiveness.,"query.txt, result_with_context.txt, result_without_context.txt","performance_diff_score, summary",Test batch or eval run,ta050_compare_context_injection.sh
TA-051,Function Call Router,TOOL,"Routes incoming queries to the correct function or tool based on role, intent, or input type.","query.txt, tool_registry.json","selected_tool, call_payload",Pre-tool invocation,ta051_route_function_call.sh
TA-052,Tool Call Fallback Handler,TOOL,"Handles failed tool calls by retrying, using alternates, or providing a fallback message.",failed_tool_log.json,recovery_action.json,On tool error,ta052_handle_tool_fallback.sh
TA-053,Multi-Agent Task Dispatcher,TOOL,Distributes subtasks across multiple assistants and aggregates the results.,task_bundle.json,merged_response.json,On multi-assistant trigger,ta053_dispatch_tasks_multiagent.sh
TA-054,Tool Result Verifier,TOOL,Validates whether a tool response meets structural and semantic criteria.,tool_output.json,verified_tool_output.json,Post-tool response,ta054_verify_tool_result.sh
TA-055,Tool Usage Rate Limiter,TOOL,Prevents overuse of a specific tool by enforcing call thresholds.,tool_usage_log.json,rate_limit_status.json,Pre-tool call,ta055_limit_tool_usage.sh
TA-056,Parallel Tool Executor,TOOL,Runs multiple tools in parallel and combines their outputs for a unified response.,tool_list.json,combined_tool_output.json,On parallelizable input,ta056_parallel_tool_execution.sh
TA-057,Role-Based Tool Access Gate,TOOL,Restricts tool usage based on the assistantâ€™s assigned role and access rules.,"assistant_id, requested_tool","access_granted/denied, reason",Before tool call,ta057_gate_tool_access.sh
TA-058,Multi-Agent Memory Sync,TOOL,Syncs shared memory updates across multiple assistants working on a common project.,update_payload.json,synchronized_memory.json,On memory update event,ta058_sync_multiagent_memory.sh
TA-059,Agent Load Balancer,TOOL,"Distributes execution load across a pool of assistants based on usage, availability, or specialization.",incoming_task.json,selected_assistant,Real-time task assignment,ta059_balance_agent_load.sh
TA-060,Tool Call Explainer,TOOL,Generates a natural language explanation of which tools were used and why.,tool_execution_log.json,explanation.md,Post-run review,ta060_explain_tool_usage.sh
TA-061,Self-Reflection Engine,AUTO,Prompts an assistant to critique and improve its last output before finalizing response.,"assistant_output.txt, quality_criteria.json","revised_output.txt, reflection_notes.md",Pre-log or post-gen,ta061_self_reflection.sh
TA-062,Self-Correction Trigger,AUTO,Automatically retries or adjusts output if common quality issues or validation failures are detected.,output_verdict.json,corrected_output.txt,On failed assertion or drift score > threshold,ta062_auto_self_correct.sh
TA-063,Multi-Run Consensus Agent,AUTO,Runs multiple versions of the same assistant and selects or merges the best result.,"input.txt, run_variants/",consensus_output.txt,On critical task or eval,ta063_run_consensus.sh
TA-064,Role-Chain Planner,AUTO,Plans a sequence of assistant roles for multi-stage reasoning and coordination.,"goal.txt, role_capabilities.json",execution_plan.json,On high-complexity input,ta064_plan_role_chain.sh
TA-065,Autonomy Flag Evaluator,AUTO,Determines whether an assistant should continue autonomously or wait for user approval.,"task_type, risk_profile.json",autonomy_granted: true/false,Pre-execution decision gate,ta065_eval_autonomy_flag.sh
TA-066,Agent Interrupt Handler,AUTO,Gracefully stops or defers agent execution if flagged mid-run.,"interruption_signal, agent_state.json","run_stopped: true/false, reason",On interruption or user override,ta066_interrupt_agent.sh
TA-067,Self-Confidence Reporter,AUTO,Estimates confidence score for assistant responses based on structural and semantic factors.,assistant_output.txt,confidence_score.json,"Post-response, pre-log",ta067_report_confidence.sh
TA-068,Agent Delegator,AUTO,Delegates subtasks to other assistants based on a task-to-role matching map.,"task.json, agent_registry.json",delegation_log.json,On task fork or role mismatch,ta068_delegate_to_agent.sh
TA-069,Multi-Agent Loop Controller,AUTO,Controls feedback loops across assistants to improve output quality or correctness.,agent_outputs.json,refined_output.json,On agent loop configuration,ta069_control_agent_loop.sh
TA-070,Self-Evaluation Summary Generator,AUTO,Creates a report of how the assistant judged its own performance across runs.,reflection_logs/,self_eval_report.md,Weekly or post-batch,ta070_generate_self_eval.sh
TA-071,Role-Based Instruction Loader,SEC,Loads only the instructions assigned to the assistant's current role.,"assistant_id, role_instruction_map.json",role_instruction.md,Pre-prompt generation,ta071_load_role_instruction.sh
TA-072,Assistant Scope Limiter,SEC,Blocks assistants from accessing data or tools outside their authorized project or domain.,"assistant_id, requested_scope",allowed/denied,Before task execution,ta072_limit_scope.sh
TA-073,PII Detector,SEC,"Scans assistant output for sensitive data like emails, SSNs, or payment info.",assistant_output.txt,"pii_found: true/false, redacted_output.txt",Post-response,ta073_detect_pii.sh
TA-074,Output Guardrail Enforcer,SEC,"Ensures outputs never violate defined rules (e.g., length, tone, banned terms).","assistant_output.txt, guardrail_rules.json","clean_output.txt, violations_report.json",Pre-log or pre-memory,ta074_enforce_guardrails.sh
TA-075,Instruction Mutation Watcher,SEC,Detects unauthorized edits to instruction sets and logs modification metadata.,"current_instruction.md, instruction_hash.json",mutation_alert: true/false,At runtime or on deploy,ta075_watch_instruction_mutation.sh
TA-076,Sensitive Keyword Blocker,SEC,Redacts or blocks assistant responses containing blacklisted phrases.,"assistant_output.txt, blacklist.json",cleaned_output.txt,Before output is shown or logged,ta076_block_sensitive_keywords.sh
TA-077,Access Log Auditor,SEC,"Audits every assistant's file, memory, and tool access with timestamps.",execution_context.json,access_audit_log.json,Every run,ta077_log_access_audit.sh
TA-078,Secure Instruction Diff Validator,SEC,Checks that instruction changes are authorized and matched to changelogs.,"new_instruction.md, changelog.md",validation_status.json,On version bump or deploy,ta078_validate_instruction_diff.sh
TA-079,API Access Control Filter,SEC,Grants or denies access to external APIs based on assistant role and use-case.,"api_request.json, role_permissions.json",access_granted: true/false,Pre-tool execution,ta079_filter_api_access.sh
TA-080,Role Boundary Enforcer,SEC,Prevents role contamination by enforcing scoped logic boundaries.,"compiled_prompt.txt, role_scope_map.json",scope_violated: true/false,Pre-execution,ta080_enforce_role_boundaries.sh
